{
  "GetJogosPorSeguir" : {
    "transaction" : "GetJogosPorSeguir",
    "sampleCount" : 15000,
    "errorCount" : 0,
    "errorPct" : 0.0,
    "meanResTime" : 23386.691800000066,
    "medianResTime" : 26109.0,
    "minResTime" : 377.0,
    "maxResTime" : 36469.0,
    "pct1ResTime" : 28773.0,
    "pct2ResTime" : 29216.949999999997,
    "pct3ResTime" : 29595.989999999998,
    "throughput" : 4.085996608622815,
    "receivedKBytesPerSec" : 32.969303046025345,
    "sentKBytesPerSec" : 0.7381927466750203
  },
  "AcederPaginaLogin" : {
    "transaction" : "AcederPaginaLogin",
    "sampleCount" : 15000,
    "errorCount" : 0,
    "errorPct" : 0.0,
    "meanResTime" : 418.603399999998,
    "medianResTime" : 85.0,
    "minResTime" : 38.0,
    "maxResTime" : 7195.0,
    "pct1ResTime" : 1272.699999999999,
    "pct2ResTime" : 2221.949999999999,
    "pct3ResTime" : 4547.969999999999,
    "throughput" : 4.085236554260929,
    "receivedKBytesPerSec" : 4.831270964072251,
    "sentKBytesPerSec" : 0.5944338345555453
  },
  "LikePost" : {
    "transaction" : "LikePost",
    "sampleCount" : 15000,
    "errorCount" : 0,
    "errorPct" : 0.0,
    "meanResTime" : 19840.849799999905,
    "medianResTime" : 20656.5,
    "minResTime" : 200.0,
    "maxResTime" : 36740.0,
    "pct1ResTime" : 26396.9,
    "pct2ResTime" : 27084.0,
    "pct3ResTime" : 28319.93,
    "throughput" : 4.110099143811547,
    "receivedKBytesPerSec" : 0.8348638885867204,
    "sentKBytesPerSec" : 0.770643589464665
  },
  "CarregarLandingPage" : {
    "transaction" : "CarregarLandingPage",
    "sampleCount" : 15000,
    "errorCount" : 0,
    "errorPct" : 0.0,
    "meanResTime" : 84.1132666666665,
    "medianResTime" : 51.0,
    "minResTime" : 38.0,
    "maxResTime" : 5930.0,
    "pct1ResTime" : 90.0,
    "pct2ResTime" : 127.0,
    "pct3ResTime" : 1006.9599999999991,
    "throughput" : 4.086351694310382,
    "receivedKBytesPerSec" : 4.832589747861204,
    "sentKBytesPerSec" : 0.5945960961447724
  },
  "CarregarPaginaSeguirJogos" : {
    "transaction" : "CarregarPaginaSeguirJogos",
    "sampleCount" : 15000,
    "errorCount" : 0,
    "errorPct" : 0.0,
    "meanResTime" : 181.96559999999974,
    "medianResTime" : 85.0,
    "minResTime" : 38.0,
    "maxResTime" : 3097.0,
    "pct1ResTime" : 432.0,
    "pct2ResTime" : 862.8999999999978,
    "pct3ResTime" : 1453.8699999999972,
    "throughput" : 4.08638175141777,
    "receivedKBytesPerSec" : 4.832625293913008,
    "sentKBytesPerSec" : 0.5946004696887185
  },
  "GetPostsJogo" : {
    "transaction" : "GetPostsJogo",
    "sampleCount" : 15000,
    "errorCount" : 0,
    "errorPct" : 0.0,
    "meanResTime" : 23622.175666666608,
    "medianResTime" : 24011.5,
    "minResTime" : 416.0,
    "maxResTime" : 36914.0,
    "pct1ResTime" : 28038.0,
    "pct2ResTime" : 28530.899999999998,
    "pct3ResTime" : 29254.0,
    "throughput" : 4.0990897561287545,
    "receivedKBytesPerSec" : 24.27219770041406,
    "sentKBytesPerSec" : 0.732552173214416
  },
  "GetGrupo" : {
    "transaction" : "GetGrupo",
    "sampleCount" : 15000,
    "errorCount" : 0,
    "errorPct" : 0.0,
    "meanResTime" : 14944.828600000013,
    "medianResTime" : 14706.0,
    "minResTime" : 144.0,
    "maxResTime" : 50396.0,
    "pct1ResTime" : 18993.0,
    "pct2ResTime" : 23844.449999999946,
    "pct3ResTime" : 27158.909999999996,
    "throughput" : 4.086257072970472,
    "receivedKBytesPerSec" : 1.0415166953567316,
    "sentKBytesPerSec" : 0.7222778615309136
  },
  "AcederLandingPage" : {
    "transaction" : "AcederLandingPage",
    "sampleCount" : 15000,
    "errorCount" : 6,
    "errorPct" : 0.04,
    "meanResTime" : 66650.4572666667,
    "medianResTime" : 62896.0,
    "minResTime" : 1209.0,
    "maxResTime" : 761426.0,
    "pct1ResTime" : 84095.9,
    "pct2ResTime" : 99983.64999999995,
    "pct3ResTime" : 122401.93,
    "throughput" : 4.085027394193705,
    "receivedKBytesPerSec" : 53.05168881117465,
    "sentKBytesPerSec" : 4.3001562131496485
  },
  "GetPerfil" : {
    "transaction" : "GetPerfil",
    "sampleCount" : 15000,
    "errorCount" : 4,
    "errorPct" : 0.026666667,
    "meanResTime" : 9476.270400000012,
    "medianResTime" : 8939.0,
    "minResTime" : 160.0,
    "maxResTime" : 56342.0,
    "pct1ResTime" : 11494.0,
    "pct2ResTime" : 13869.649999999992,
    "pct3ResTime" : 24896.94,
    "throughput" : 4.086232583455171,
    "receivedKBytesPerSec" : 2.1706615506694202,
    "sentKBytesPerSec" : 0.7180915291581299
  },
  "GetJogosSeguidos" : {
    "transaction" : "GetJogosSeguidos",
    "sampleCount" : 15000,
    "errorCount" : 2,
    "errorPct" : 0.013333334,
    "meanResTime" : 12335.897666666702,
    "medianResTime" : 11797.0,
    "minResTime" : 249.0,
    "maxResTime" : 50655.0,
    "pct1ResTime" : 15425.9,
    "pct2ResTime" : 19097.949999999997,
    "pct3ResTime" : 27067.98,
    "throughput" : 4.08613462832928,
    "receivedKBytesPerSec" : 12.658856783637264,
    "sentKBytesPerSec" : 0.7580684218476357
  },
  "GetPostsPopulares" : {
    "transaction" : "GetPostsPopulares",
    "sampleCount" : 15000,
    "errorCount" : 0,
    "errorPct" : 0.0,
    "meanResTime" : 19208.75873333327,
    "medianResTime" : 18579.0,
    "minResTime" : 402.0,
    "maxResTime" : 33325.0,
    "pct1ResTime" : 26854.9,
    "pct2ResTime" : 27516.949999999997,
    "pct3ResTime" : 28989.989999999998,
    "throughput" : 4.085977687293045,
    "receivedKBytesPerSec" : 24.196467695272958,
    "sentKBytesPerSec" : 0.734199115685469
  },
  "AcederFeed" : {
    "transaction" : "AcederFeed",
    "sampleCount" : 15000,
    "errorCount" : 0,
    "errorPct" : 0.0,
    "meanResTime" : 23845.209133333214,
    "medianResTime" : 24178.5,
    "minResTime" : 456.0,
    "maxResTime" : 580537.0,
    "pct1ResTime" : 28204.0,
    "pct2ResTime" : 28658.0,
    "pct3ResTime" : 29325.0,
    "throughput" : 4.099030388025148,
    "receivedKBytesPerSec" : 29.119429949295675,
    "sentKBytesPerSec" : 1.3289825086175282
  },
  "DislikePost" : {
    "transaction" : "DislikePost",
    "sampleCount" : 15000,
    "errorCount" : 0,
    "errorPct" : 0.0,
    "meanResTime" : 15735.099133333308,
    "medianResTime" : 13616.0,
    "minResTime" : 198.0,
    "maxResTime" : 45684.0,
    "pct1ResTime" : 23086.9,
    "pct2ResTime" : 24443.49999999999,
    "pct3ResTime" : 27400.879999999997,
    "throughput" : 4.123243189158179,
    "receivedKBytesPerSec" : 0.8375337727977552,
    "sentKBytesPerSec" : 0.7046558184596498
  },
  "SeguirJogos" : {
    "transaction" : "SeguirJogos",
    "sampleCount" : 15000,
    "errorCount" : 0,
    "errorPct" : 0.0,
    "meanResTime" : 25768.12173333337,
    "medianResTime" : 27282.0,
    "minResTime" : 413.0,
    "maxResTime" : 41229.0,
    "pct1ResTime" : 28848.0,
    "pct2ResTime" : 29171.0,
    "pct3ResTime" : 29564.989999999998,
    "throughput" : 4.087259168471646,
    "receivedKBytesPerSec" : 1.0537465043715961,
    "sentKBytesPerSec" : 0.9419855114836997
  },
  "RealizarLogin" : {
    "transaction" : "RealizarLogin",
    "sampleCount" : 15000,
    "errorCount" : 13,
    "errorPct" : 0.086666666,
    "meanResTime" : 9842.82959999997,
    "medianResTime" : 8925.5,
    "minResTime" : 167.0,
    "maxResTime" : 46583.0,
    "pct1ResTime" : 12856.9,
    "pct2ResTime" : 15968.899999999998,
    "pct3ResTime" : 26893.949999999997,
    "throughput" : 4.085626005063997,
    "receivedKBytesPerSec" : 2.174010273698129,
    "sentKBytesPerSec" : 1.048426161111078
  },
  "CriarPublicacao" : {
    "transaction" : "CriarPublicacao",
    "sampleCount" : 15000,
    "errorCount" : 0,
    "errorPct" : 0.0,
    "meanResTime" : 25666.647799999995,
    "medianResTime" : 26710.0,
    "minResTime" : 341.0,
    "maxResTime" : 38886.0,
    "pct1ResTime" : 28651.9,
    "pct2ResTime" : 28994.949999999997,
    "pct3ResTime" : 29452.96,
    "throughput" : 4.091005787409521,
    "receivedKBytesPerSec" : 1.0547124295665171,
    "sentKBytesPerSec" : 1.5501076616356386
  },
  "CarregarFeed" : {
    "transaction" : "CarregarFeed",
    "sampleCount" : 15000,