{
  "GetJogosPorSeguir" : {
    "transaction" : "GetJogosPorSeguir",
    "sampleCount" : 17500,
    "errorCount" : 0,
    "errorPct" : 0.0,
    "meanResTime" : 11399.958057142774,
    "medianResTime" : 12296.0,
    "minResTime" : 1088.0,
    "maxResTime" : 22453.0,
    "pct1ResTime" : 13950.0,
    "pct2ResTime" : 14054.0,
    "pct3ResTime" : 14172.990000000002,
    "throughput" : 4.549372914437474,
    "receivedKBytesPerSec" : 36.70800403591119,
    "sentKBytesPerSec" : 0.8219081925497389
  },
  "AcederPaginaLogin" : {
    "transaction" : "AcederPaginaLogin",
    "sampleCount" : 17500,
    "errorCount" : 0,
    "errorPct" : 0.0,
    "meanResTime" : 113.92268571428515,
    "medianResTime" : 60.5,
    "minResTime" : 38.0,
    "maxResTime" : 6392.0,
    "pct1ResTime" : 94.0,
    "pct2ResTime" : 333.9500000000007,
    "pct3ResTime" : 1453.7700000000368,
    "throughput" : 4.595921343038519,
    "receivedKBytesPerSec" : 5.435215572675435,
    "sentKBytesPerSec" : 0.6687424610475969
  },
  "LikePost" : {
    "transaction" : "LikePost",
    "sampleCount" : 17500,
    "errorCount" : 0,
    "errorPct" : 0.0,
    "meanResTime" : 9514.687142857125,
    "medianResTime" : 9539.0,
    "minResTime" : 203.0,
    "maxResTime" : 20108.0,
    "pct1ResTime" : 13274.9,
    "pct2ResTime" : 13566.0,
    "pct3ResTime" : 13865.0,
    "throughput" : 4.5859562819477375,
    "receivedKBytesPerSec" : 0.9315223697706341,
    "sentKBytesPerSec" : 0.8598668028652007
  },
  "CarregarLandingPage" : {
    "transaction" : "CarregarLandingPage",
    "sampleCount" : 17500,
    "errorCount" : 0,
    "errorPct" : 0.0,
    "meanResTime" : 45.55577142857131,
    "medianResTime" : 41.0,
    "minResTime" : 37.0,
    "maxResTime" : 695.0,
    "pct1ResTime" : 54.0,
    "pct2ResTime" : 57.0,
    "pct3ResTime" : 86.0,
    "throughput" : 4.581016320721403,
    "receivedKBytesPerSec" : 5.417588637103144,
    "sentKBytesPerSec" : 0.6665736638549697
  },
  "CarregarPaginaSeguirJogos" : {
    "transaction" : "CarregarPaginaSeguirJogos",
    "sampleCount" : 17500,
    "errorCount" : 0,
    "errorPct" : 0.0,
    "meanResTime" : 78.41634285714301,
    "medianResTime" : 57.0,
    "minResTime" : 38.0,
    "maxResTime" : 1143.0,
    "pct1ResTime" : 88.0,
    "pct2ResTime" : 119.0,
    "pct3ResTime" : 461.9900000000016,
    "throughput" : 4.550611511174872,
    "receivedKBytesPerSec" : 5.381631386750751,
    "sentKBytesPerSec" : 0.6621495265283749
  },
  "GetPostsJogo" : {
    "transaction" : "GetPostsJogo",
    "sampleCount" : 17500,
    "errorCount" : 0,
    "errorPct" : 0.0,
    "meanResTime" : 11387.996228571403,
    "medianResTime" : 11527.0,
    "minResTime" : 407.0,
    "maxResTime" : 19374.0,
    "pct1ResTime" : 13758.0,
    "pct2ResTime" : 13891.0,
    "pct3ResTime" : 14109.0,
    "throughput" : 4.57266009144275,
    "receivedKBytesPerSec" : 27.07706720694932,
    "sentKBytesPerSec" : 0.8171843718105696
  },
  "GetGrupo" : {
    "transaction" : "GetGrupo",
    "sampleCount" : 17500,
    "errorCount" : 0,
    "errorPct" : 0.0,
    "meanResTime" : 7571.851942857147,
    "medianResTime" : 7691.5,
    "minResTime" : 2326.0,
    "maxResTime" : 31269.0,
    "pct1ResTime" : 10493.9,
    "pct2ResTime" : 11888.600000000006,
    "pct3ResTime" : 13400.0,
    "throughput" : 4.545919764256394,
    "receivedKBytesPerSec" : 1.1586768149130067,
    "sentKBytesPerSec" : 0.8035268333304758
  },
  "AcederLandingPage" : {
    "transaction" : "AcederLandingPage",
    "sampleCount" : 17500,
    "errorCount" : 1,
    "errorPct" : 0.0057142857,
    "meanResTime" : 33643.41680000013,
    "medianResTime" : 32158.5,
    "minResTime" : 8461.0,
    "maxResTime" : 92324.0,
    "pct1ResTime" : 44413.8,
    "pct2ResTime" : 48748.850000000006,
    "pct3ResTime" : 57955.47000000009,
    "throughput" : 4.540674453620643,
    "receivedKBytesPerSec" : 58.96437875148902,
    "sentKBytesPerSec" : 4.7800749261556605
  },
  "GetPerfil" : {
    "transaction" : "GetPerfil",
    "sampleCount" : 17500,
    "errorCount" : 0,
    "errorPct" : 0.0,
    "meanResTime" : 4830.0017714285705,
    "medianResTime" : 4572.0,
    "minResTime" : 225.0,
    "maxResTime" : 42718.0,
    "pct1ResTime" : 5987.0,
    "pct2ResTime" : 6901.0,
    "pct3ResTime" : 9596.950000000008,
    "throughput" : 4.567568696233191,
    "receivedKBytesPerSec" : 2.4235861050318945,
    "sentKBytesPerSec" : 0.8028929348847407
  },
  "GetJogosSeguidos" : {
    "transaction" : "GetJogosSeguidos",
    "sampleCount" : 17500,
    "errorCount" : 0,
    "errorPct" : 0.0,
    "meanResTime" : 6313.371428571428,
    "medianResTime" : 5991.0,
    "minResTime" : 458.0,
    "maxResTime" : 26512.0,
    "pct1ResTime" : 8546.0,
    "pct2ResTime" : 9615.95,
    "pct3ResTime" : 12605.920000000013,
    "throughput" : 4.5494143084019365,
    "receivedKBytesPerSec" : 14.093476484743604,
    "sentKBytesPerSec" : 0.8441296080042655
  },
  "GetPostsPopulares" : {
    "transaction" : "GetPostsPopulares",
    "sampleCount" : 17500,
    "errorCount" : 0,
    "errorPct" : 0.0,
    "meanResTime" : 9586.54274285711,
    "medianResTime" : 9435.0,
    "minResTime" : 2479.0,
    "maxResTime" : 27069.0,
    "pct1ResTime" : 13276.0,
    "pct2ResTime" : 13662.95,
    "pct3ResTime" : 14050.970000000005,
    "throughput" : 4.546034312427897,
    "receivedKBytesPerSec" : 26.920500252840686,
    "sentKBytesPerSec" : 0.8168655405143876
  },
  "AcederFeed" : {
    "transaction" : "AcederFeed",
    "sampleCount" : 17500,
    "errorCount" : 0,
    "errorPct" : 0.0,
    "meanResTime" : 11447.802514285706,
    "medianResTime" : 11576.0,
    "minResTime" : 447.0,
    "maxResTime" : 19422.0,
    "pct1ResTime" : 13832.0,
    "pct2ResTime" : 13966.95,
    "pct3ResTime" : 14186.990000000002,
    "throughput" : 4.572605130724249,
    "receivedKBytesPerSec" : 32.484383175573015,
    "sentKBytesPerSec" : 1.4825243197270024
  },
  "DislikePost" : {
    "transaction" : "DislikePost",
    "sampleCount" : 17500,
    "errorCount" : 0,
    "errorPct" : 0.0,
    "meanResTime" : 7684.052228571425,
    "medianResTime" : 6881.0,
    "minResTime" : 203.0,
    "maxResTime" : 17745.0,
    "pct1ResTime" : 11426.0,
    "pct2ResTime" : 12501.0,
    "pct3ResTime" : 13550.990000000002,
    "throughput" : 4.602563391105586,
    "receivedKBytesPerSec" : 0.9348956888183222,
    "sentKBytesPerSec" : 0.786570892034646
  },
  "SeguirJogos" : {
    "transaction" : "SeguirJogos",
    "sampleCount" : 17500,
    "errorCount" : 0,
    "errorPct" : 0.0,
    "meanResTime" : 12447.114971428518,
    "medianResTime" : 13329.0,
    "minResTime" : 492.0,
    "maxResTime" : 22714.0,
    "pct1ResTime" : 14004.0,
    "pct2ResTime" : 14092.95,
    "pct3ResTime" : 14213.0,
    "throughput" : 4.555620086275635,
    "receivedKBytesPerSec" : 1.1744958034929371,
    "sentKBytesPerSec" : 1.0499280667588378
  },
  "RealizarLogin" : {
    "transaction" : "RealizarLogin",
    "sampleCount" : 17500,
    "errorCount" : 0,
    "errorPct" : 0.0,
    "meanResTime" : 5119.792514285726,
    "medianResTime" : 4598.0,
    "minResTime" : 561.0,
    "maxResTime" : 40649.0,
    "pct1ResTime" : 7104.9,
    "pct2ResTime" : 8635.95,
    "pct3ResTime" : 10424.980000000003,
    "throughput" : 4.58044078497762,
    "receivedKBytesPerSec" : 2.429100788477077,
    "sentKBytesPerSec" : 1.176421803172963
  },
  "CriarPublicacao" : {
    "transaction" : "CriarPublicacao",
    "sampleCount" : 17500,
    "errorCount" : 0,
    "errorPct" : 0.0,
    "meanResTime" : 12319.775771428513,
    "medianResTime" : 12856.5,
    "minResTime" : 346.0,
    "maxResTime" : 19415.0,
    "pct1ResTime" : 13819.0,
    "pct2ResTime" : 13968.0,
    "pct3ResTime" : 14139.0,
    "throughput" : 4.563530869026664,
    "receivedKBytesPerSec" : 1.1765353021709368,
    "sentKBytesPerSec" : 1.7291503683421345
  },
  "CarregarFeed" : {
    "transaction" : "CarregarFeed",
    "sampleCount" : 17500,
    "errorCount" : 0,
    "errorPct" : 0.0,
    "meanResTime" : 59.63891428571411,
    "medianResTime" : 51.0,
    "minResTime" : 38.0,