{
  "GetJogosPorSeguir" : {
    "transaction" : "GetJogosPorSeguir",
    "sampleCount" : 7000,
    "errorCount" : 0,
    "errorPct" : 0.0,
    "meanResTime" : 1880.6712857142886,
    "medianResTime" : 1853.0,
    "minResTime" : 372.0,
    "maxResTime" : 10001.0,
    "pct1ResTime" : 2320.800000000001,
    "pct2ResTime" : 2712.8499999999995,
    "pct3ResTime" : 2928.0,
    "throughput" : 4.693485241335659,
    "receivedKBytesPerSec" : 37.873036085484124,
    "sentKBytesPerSec" : 0.847944110983493
  },
  "AcederPaginaLogin" : {
    "transaction" : "AcederPaginaLogin",
    "sampleCount" : 7000,
    "errorCount" : 0,
    "errorPct" : 0.0,
    "meanResTime" : 54.45799999999997,
    "medianResTime" : 50.0,
    "minResTime" : 37.0,
    "maxResTime" : 212.0,
    "pct1ResTime" : 82.0,
    "pct2ResTime" : 85.0,
    "pct3ResTime" : 105.96999999999935,
    "throughput" : 4.6869298266170745,
    "receivedKBytesPerSec" : 5.5428437695637465,
    "sentKBytesPerSec" : 0.6819849064120548
  },
  "LikePost" : {
    "transaction" : "LikePost",
    "sampleCount" : 7000,
    "errorCount" : 0,
    "errorPct" : 0.0,
    "meanResTime" : 1616.145285714283,
    "medianResTime" : 1583.0,
    "minResTime" : 198.0,
    "maxResTime" : 32626.0,
    "pct1ResTime" : 1964.0,
    "pct2ResTime" : 2079.95,
    "pct3ResTime" : 2520.0,
    "throughput" : 4.719881760219218,
    "receivedKBytesPerSec" : 0.9587259825445288,
    "sentKBytesPerSec" : 0.8849778300411034
  },
  "CarregarLandingPage" : {
    "transaction" : "CarregarLandingPage",
    "sampleCount" : 7000,
    "errorCount" : 0,
    "errorPct" : 0.0,
    "meanResTime" : 40.47557142857153,
    "medianResTime" : 40.0,
    "minResTime" : 37.0,
    "maxResTime" : 158.0,
    "pct1ResTime" : 42.0,
    "pct2ResTime" : 43.0,
    "pct3ResTime" : 50.98999999999978,
    "throughput" : 4.687403740816037,
    "receivedKBytesPerSec" : 5.54340422864084,
    "sentKBytesPerSec" : 0.6820538646304585
  },
  "CarregarPaginaSeguirJogos" : {
    "transaction" : "CarregarPaginaSeguirJogos",
    "sampleCount" : 7000,
    "errorCount" : 0,
    "errorPct" : 0.0,
    "meanResTime" : 53.932428571428645,
    "medianResTime" : 50.0,
    "minResTime" : 37.0,
    "maxResTime" : 240.0,
    "pct1ResTime" : 82.0,
    "pct2ResTime" : 84.0,
    "pct3ResTime" : 89.0,
    "throughput" : 4.694561752600619,
    "receivedKBytesPerSec" : 5.551869416405616,
    "sentKBytesPerSec" : 0.6830954112670823
  },
  "GetPostsJogo" : {
    "transaction" : "GetPostsJogo",
    "sampleCount" : 7000,
    "errorCount" : 0,
    "errorPct" : 0.0,
    "meanResTime" : 1858.724285714284,
    "medianResTime" : 1840.5,
    "minResTime" : 358.0,
    "maxResTime" : 18125.0,
    "pct1ResTime" : 2231.0,
    "pct2ResTime" : 2520.8999999999996,
    "pct3ResTime" : 2846.0,
    "throughput" : 4.711149338722888,
    "receivedKBytesPerSec" : 27.84896687229151,
    "sentKBytesPerSec" : 0.8419339150256724
  },
  "GetGrupo" : {
    "transaction" : "GetGrupo",
    "sampleCount" : 7000,
    "errorCount" : 0,
    "errorPct" : 0.0,
    "meanResTime" : 1451.6789999999992,
    "medianResTime" : 1428.0,
    "minResTime" : 144.0,
    "maxResTime" : 5131.0,
    "pct1ResTime" : 1800.0,
    "pct2ResTime" : 1897.0,
    "pct3ResTime" : 2213.0,
    "throughput" : 4.688791510875987,
    "receivedKBytesPerSec" : 1.195092367518196,
    "sentKBytesPerSec" : 0.8287805307310093
  },
  "AcederLandingPage" : {
    "transaction" : "AcederLandingPage",
    "sampleCount" : 7000,
    "errorCount" : 0,
    "errorPct" : 0.0,
    "meanResTime" : 7487.1985714285665,
    "medianResTime" : 7416.5,
    "minResTime" : 1179.0,
    "maxResTime" : 32781.0,
    "pct1ResTime" : 8951.900000000001,
    "pct2ResTime" : 9377.8,
    "pct3ResTime" : 10123.919999999998,
    "throughput" : 4.683831347277323,
    "receivedKBytesPerSec" : 60.699202108284496,
    "sentKBytesPerSec" : 4.9308302659814
  },
  "GetPerfil" : {
    "transaction" : "GetPerfil",
    "sampleCount" : 7000,
    "errorCount" : 0,
    "errorPct" : 0.0,
    "meanResTime" : 1333.4890000000041,
    "medianResTime" : 1317.0,
    "minResTime" : 159.0,
    "maxResTime" : 25108.0,
    "pct1ResTime" : 1752.0,
    "pct2ResTime" : 1859.0,
    "pct3ResTime" : 2069.9299999999985,
    "throughput" : 4.68702711244312,
    "receivedKBytesPerSec" : 2.487484015982093,
    "sentKBytesPerSec" : 0.8238914846091422
  },
  "GetJogosSeguidos" : {
    "transaction" : "GetJogosSeguidos",
    "sampleCount" : 7000,
    "errorCount" : 0,
    "errorPct" : 0.0,
    "meanResTime" : 1502.0032857142824,
    "medianResTime" : 1462.0,
    "minResTime" : 248.0,
    "maxResTime" : 26352.0,
    "pct1ResTime" : 1867.0,
    "pct2ResTime" : 1964.9499999999998,
    "pct3ResTime" : 2226.9299999999985,
    "throughput" : 4.686967485167422,
    "receivedKBytesPerSec" : 14.519489661010056,
    "sentKBytesPerSec" : 0.869652170099424
  },
  "GetPostsPopulares" : {
    "transaction" : "GetPostsPopulares",
    "sampleCount" : 7000,
    "errorCount" : 0,
    "errorPct" : 0.0,
    "meanResTime" : 1757.555999999998,
    "medianResTime" : 1733.0,
    "minResTime" : 357.0,
    "maxResTime" : 9814.0,
    "pct1ResTime" : 2122.0,
    "pct2ResTime" : 2248.0,
    "pct3ResTime" : 2714.9799999999996,
    "throughput" : 4.69060752748696,
    "receivedKBytesPerSec" : 27.651988614471595,
    "sentKBytesPerSec" : 0.8428435400953131
  },
  "AcederFeed" : {
    "transaction" : "AcederFeed",
    "sampleCount" : 7000,
    "errorCount" : 0,
    "errorPct" : 0.0,
    "meanResTime" : 1899.5190000000057,
    "medianResTime" : 1882.0,
    "minResTime" : 397.0,
    "maxResTime" : 18205.0,
    "pct1ResTime" : 2271.0,
    "pct2ResTime" : 2560.8999999999996,
    "pct3ResTime" : 2889.0,
    "throughput" : 4.711016172918522,
    "receivedKBytesPerSec" : 33.41950838737542,
    "sentKBytesPerSec" : 1.527399774813427
  },
  "DislikePost" : {
    "transaction" : "DislikePost",
    "sampleCount" : 7000,
    "errorCount" : 0,
    "errorPct" : 0.0,
    "meanResTime" : 1513.5209999999995,
    "medianResTime" : 1504.0,
    "minResTime" : 198.0,
    "maxResTime" : 21803.0,
    "pct1ResTime" : 1857.0,
    "pct2ResTime" : 1962.0,
    "pct3ResTime" : 2194.99,
    "throughput" : 4.72786414009607,
    "receivedKBytesPerSec" : 0.9603474034570142,
    "sentKBytesPerSec" : 0.8079845942546995
  },
  "SeguirJogos" : {
    "transaction" : "SeguirJogos",
    "sampleCount" : 7000,
    "errorCount" : 0,
    "errorPct" : 0.0,
    "meanResTime" : 1994.0218571428652,
    "medianResTime" : 1955.0,
    "minResTime" : 410.0,
    "maxResTime" : 30685.0,
    "pct1ResTime" : 2516.0,
    "pct2ResTime" : 2864.0,
    "pct3ResTime" : 2961.9699999999993,
    "throughput" : 4.697545197095575,
    "receivedKBytesPerSec" : 1.211085871126203,
    "sentKBytesPerSec" : 1.0826373696431206
  },
  "RealizarLogin" : {
    "transaction" : "RealizarLogin",
    "sampleCount" : 7000,
    "errorCount" : 0,
    "errorPct" : 0.0,
    "meanResTime" : 1352.6209999999978,
    "medianResTime" : 1340.0,
    "minResTime" : 163.0,
    "maxResTime" : 26847.0,
    "pct1ResTime" : 1761.9000000000005,
    "pct2ResTime" : 1884.0,
    "pct3ResTime" : 2181.9699999999993,
    "throughput" : 4.686694474387214,
    "receivedKBytesPerSec" : 2.485278627124914,
    "sentKBytesPerSec" : 1.2037115691053102
  },
  "CriarPublicacao" : {
    "transaction" : "CriarPublicacao",
    "sampleCount" : 7000,
    "errorCount" : 0,
    "errorPct" : 0.0,
    "meanResTime" : 1913.3001428571445,
    "medianResTime" : 1874.0,
    "minResTime" : 338.0,
    "maxResTime" : 26483.0,
    "pct1ResTime" : 2425.0,
    "pct2ResTime" : 2775.0,
    "pct3ResTime" : 2872.99,
    "throughput" : 4.702866195394685,
    "receivedKBytesPerSec" : 1.207409720505303,
    "sentKBytesPerSec" : 1.7819453943487673
  },
  "CarregarFeed" : {
    "transaction" : "CarregarFeed",
    "sampleCount" : 7000,
    "errorCount" : 0,
    "errorPct" : 0.0,
    "meanResTime" : 40.633857142857146,
    "medianResTime" : 40.0,
    "minResTime" : 37.0,
    "maxResTime" : 150.0,