{
  "GetJogosPorSeguir" : {
    "transaction" : "GetJogosPorSeguir",
    "sampleCount" : 14000,
    "errorCount" : 0,
    "errorPct" : 0.0,
    "meanResTime" : 3949.681642857119,
    "medianResTime" : 3825.5,
    "minResTime" : 377.0,
    "maxResTime" : 35971.0,
    "pct1ResTime" : 5267.9,
    "pct2ResTime" : 5549.0,
    "pct3ResTime" : 5815.98,
    "throughput" : 4.650495344189804,
    "receivedKBytesPerSec" : 37.525052272917144,
    "sentKBytesPerSec" : 0.8401773815186658
  },
  "AcederPaginaLogin" : {
    "transaction" : "AcederPaginaLogin",
    "sampleCount" : 14000,
    "errorCount" : 0,
    "errorPct" : 0.0,
    "meanResTime" : 61.05928571428573,
    "medianResTime" : 52.0,
    "minResTime" : 38.0,
    "maxResTime" : 431.0,
    "pct1ResTime" : 85.0,
    "pct2ResTime" : 87.0,
    "pct3ResTime" : 149.0,
    "throughput" : 4.641982152904903,
    "receivedKBytesPerSec" : 5.489687878093591,
    "sentKBytesPerSec" : 0.675444668733233
  },
  "LikePost" : {
    "transaction" : "LikePost",
    "sampleCount" : 14000,
    "errorCount" : 0,
    "errorPct" : 0.0,
    "meanResTime" : 3401.6229285714253,
    "medianResTime" : 3359.0,
    "minResTime" : 198.0,
    "maxResTime" : 13503.0,
    "pct1ResTime" : 4417.9,
    "pct2ResTime" : 4805.949999999999,
    "pct3ResTime" : 5291.99,
    "throughput" : 4.676966906784374,
    "receivedKBytesPerSec" : 0.9500089029405762,
    "sentKBytesPerSec" : 0.8769312950220702
  },
  "CarregarLandingPage" : {
    "transaction" : "CarregarLandingPage",
    "sampleCount" : 14000,
    "errorCount" : 0,
    "errorPct" : 0.0,
    "meanResTime" : 41.96650000000016,
    "medianResTime" : 40.0,
    "minResTime" : 37.0,
    "maxResTime" : 415.0,
    "pct1ResTime" : 42.0,
    "pct2ResTime" : 46.0,
    "pct3ResTime" : 85.0,
    "throughput" : 4.642062189707155,
    "receivedKBytesPerSec" : 5.489782530991568,
    "sentKBytesPerSec" : 0.6754563147132483
  },
  "CarregarPaginaSeguirJogos" : {
    "transaction" : "CarregarPaginaSeguirJogos",
    "sampleCount" : 14000,
    "errorCount" : 0,
    "errorPct" : 0.0,
    "meanResTime" : 56.361357142856974,
    "medianResTime" : 51.0,
    "minResTime" : 38.0,
    "maxResTime" : 366.0,
    "pct1ResTime" : 83.0,
    "pct2ResTime" : 85.0,
    "pct3ResTime" : 123.98999999999978,
    "throughput" : 4.651017542973741,
    "receivedKBytesPerSec" : 5.500373285684766,
    "sentKBytesPerSec" : 0.6767593885772338
  },
  "GetPostsJogo" : {
    "transaction" : "GetPostsJogo",
    "sampleCount" : 14000,
    "errorCount" : 0,
    "errorPct" : 0.0,
    "meanResTime" : 3913.886857142858,
    "medianResTime" : 3845.5,
    "minResTime" : 360.0,
    "maxResTime" : 24078.0,
    "pct1ResTime" : 5192.0,
    "pct2ResTime" : 5401.0,
    "pct3ResTime" : 5666.0,
    "throughput" : 4.668109112382393,
    "receivedKBytesPerSec" : 27.635492166558635,
    "sentKBytesPerSec" : 0.8342421558261504
  },
  "GetGrupo" : {
    "transaction" : "GetGrupo",
    "sampleCount" : 14000,
    "errorCount" : 0,
    "errorPct" : 0.0,
    "meanResTime" : 3026.5700000000074,
    "medianResTime" : 2935.5,
    "minResTime" : 142.0,
    "maxResTime" : 35040.0,
    "pct1ResTime" : 3887.8999999999996,
    "pct2ResTime" : 4180.0,
    "pct3ResTime" : 4963.959999999999,
    "throughput" : 4.64488371035965,
    "receivedKBytesPerSec" : 1.183901023831903,
    "sentKBytesPerSec" : 0.8210194839600553
  },
  "AcederLandingPage" : {
    "transaction" : "AcederLandingPage",
    "sampleCount" : 14000,
    "errorCount" : 0,
    "errorPct" : 0.0,
    "meanResTime" : 14753.582714285682,
    "medianResTime" : 14873.0,
    "minResTime" : 1213.0,
    "maxResTime" : 54343.0,
    "pct1ResTime" : 18286.0,
    "pct2ResTime" : 19250.899999999998,
    "pct3ResTime" : 21987.779999999995,
    "throughput" : 4.640260490966075,
    "receivedKBytesPerSec" : 60.24821487469888,
    "sentKBytesPerSec" : 4.884961727794365
  },
  "GetPerfil" : {
    "transaction" : "GetPerfil",
    "sampleCount" : 14000,
    "errorCount" : 0,
    "errorPct" : 0.0,
    "meanResTime" : 2542.9181428571333,
    "medianResTime" : 2652.0,
    "minResTime" : 159.0,
    "maxResTime" : 28833.0,
    "pct1ResTime" : 3576.0,
    "pct2ResTime" : 3766.949999999999,
    "pct3ResTime" : 4100.99,
    "throughput" : 4.6418821107831585,
    "receivedKBytesPerSec" : 2.4633661472262434,
    "sentKBytesPerSec" : 0.8159558397861021
  },
  "GetJogosSeguidos" : {
    "transaction" : "GetJogosSeguidos",
    "sampleCount" : 14000,
    "errorCount" : 0,
    "errorPct" : 0.0,
    "meanResTime" : 2890.5585714285726,
    "medianResTime" : 2867.0,
    "minResTime" : 245.0,
    "maxResTime" : 34378.0,
    "pct1ResTime" : 3800.8999999999996,
    "pct2ResTime" : 4029.0,
    "pct3ResTime" : 4824.939999999999,
    "throughput" : 4.642762629475043,
    "receivedKBytesPerSec" : 14.382760136788223,
    "sentKBytesPerSec" : 0.8614500972658771
  },
  "GetPostsPopulares" : {
    "transaction" : "GetPostsPopulares",
    "sampleCount" : 14000,
    "errorCount" : 0,
    "errorPct" : 0.0,
    "meanResTime" : 3575.101000000009,
    "medianResTime" : 3475.0,
    "minResTime" : 365.0,
    "maxResTime" : 34719.0,
    "pct1ResTime" : 4612.9,
    "pct2ResTime" : 5066.949999999999,
    "pct3ResTime" : 5552.99,
    "throughput" : 4.647194919952067,
    "receivedKBytesPerSec" : 27.50977570645661,
    "sentKBytesPerSec" : 0.835042837178887
  },
  "AcederFeed" : {
    "transaction" : "AcederFeed",
    "sampleCount" : 14000,
    "errorCount" : 0,
    "errorPct" : 0.0,
    "meanResTime" : 3956.8583571428726,
    "medianResTime" : 3886.0,
    "minResTime" : 403.0,
    "maxResTime" : 24119.0,
    "pct1ResTime" : 5239.0,
    "pct2ResTime" : 5446.949999999999,
    "pct3ResTime" : 5713.99,
    "throughput" : 4.6680421830966194,
    "receivedKBytesPerSec" : 33.15560285878822,
    "sentKBytesPerSec" : 1.513466801550857
  },
  "DislikePost" : {
    "transaction" : "DislikePost",
    "sampleCount" : 14000,
    "errorCount" : 0,
    "errorPct" : 0.0,
    "meanResTime" : 3062.41507142858,
    "medianResTime" : 3043.0,
    "minResTime" : 198.0,
    "maxResTime" : 28782.0,
    "pct1ResTime" : 3870.0,
    "pct2ResTime" : 4107.0,
    "pct3ResTime" : 4877.98,
    "throughput" : 4.684941060095077,
    "receivedKBytesPerSec" : 0.9516286528318127,
    "sentKBytesPerSec" : 0.8006491069498424
  },
  "SeguirJogos" : {
    "transaction" : "SeguirJogos",
    "sampleCount" : 14000,
    "errorCount" : 0,
    "errorPct" : 0.0,
    "meanResTime" : 4193.996857142878,
    "medianResTime" : 4003.0,
    "minResTime" : 406.0,
    "maxResTime" : 26899.0,
    "pct1ResTime" : 5583.9,
    "pct2ResTime" : 5717.0,
    "pct3ResTime" : 5931.99,
    "throughput" : 4.653998482796495,
    "receivedKBytesPerSec" : 1.1998589838459712,
    "sentKBytesPerSec" : 1.0726012128320046
  },
  "RealizarLogin" : {
    "transaction" : "RealizarLogin",
    "sampleCount" : 14000,
    "errorCount" : 0,
    "errorPct" : 0.0,
    "meanResTime" : 2580.121357142851,
    "medianResTime" : 2690.0,
    "minResTime" : 160.0,
    "maxResTime" : 13030.0,
    "pct1ResTime" : 3571.0,
    "pct2ResTime" : 3754.0,
    "pct3ResTime" : 4082.99,
    "throughput" : 4.641708201666306,
    "receivedKBytesPerSec" : 2.4614279876479173,
    "sentKBytesPerSec" : 1.192157477576405
  },
  "CriarPublicacao" : {
    "transaction" : "CriarPublicacao",
    "sampleCount" : 14000,
    "errorCount" : 0,
    "errorPct" : 0.0,
    "meanResTime" : 4107.506000000017,
    "medianResTime" : 3939.0,
    "minResTime" : 338.0,
    "maxResTime" : 53440.0,
    "pct1ResTime" : 5440.0,
    "pct2ResTime" : 5593.0,
    "pct3ResTime" : 5813.0,
    "throughput" : 4.659894286969604,
    "receivedKBytesPerSec" : 1.2005033153899665,
    "sentKBytesPerSec" : 1.7656630696720765
  },
  "CarregarFeed" : {
    "transaction" : "CarregarFeed",
    "sampleCount" : 14000,
    "errorCount" : 0,
    "errorPct" : 0.0,
    "meanResTime" : 42.78257142857111,
    "medianResTime" : 41.0,
    "minResTime" : 37.0,
    "maxResTime" : 291.0,
    "pct1ResTime" : 51.0,