{
  "GetJogosPorSeguir" : {
    "transaction" : "GetJogosPorSeguir",
    "sampleCount" : 45000,
    "errorCount" : 44793,
    "errorPct" : 99.54,
    "meanResTime" : 1153.1170222222243,
    "medianResTime" : 35.0,
    "minResTime" : 32.0,
    "maxResTime" : 60546.0,
    "pct1ResTime" : 37.0,
    "pct2ResTime" : 42.0,
    "pct3ResTime" : 60057.0,
    "throughput" : 104.58913899896572,
    "receivedKBytesPerSec" : 35.80579894118023,
    "sentKBytesPerSec" : 18.793360913876654
  },
  "AcederPaginaLogin" : {
    "transaction" : "AcederPaginaLogin",
    "sampleCount" : 45000,
    "errorCount" : 0,
    "errorPct" : 0.0,
    "meanResTime" : 154.61355555555386,
    "medianResTime" : 41.0,
    "minResTime" : 38.0,
    "maxResTime" : 8501.0,
    "pct1ResTime" : 43.0,
    "pct2ResTime" : 44.95000000000073,
    "pct3ResTime" : 56.0,
    "throughput" : 104.34177728827314,
    "receivedKBytesPerSec" : 123.39637919540897,
    "sentKBytesPerSec" : 15.386336299344967
  },
  "LikePost" : {
    "transaction" : "LikePost",
    "sampleCount" : 45000,
    "errorCount" : 44911,
    "errorPct" : 99.80222,
    "meanResTime" : 68.38735555555562,
    "medianResTime" : 35.0,
    "minResTime" : 32.0,
    "maxResTime" : 60693.0,
    "pct1ResTime" : 37.0,
    "pct2ResTime" : 38.0,
    "pct3ResTime" : 53.0,
    "throughput" : 131.67019250182145,
    "receivedKBytesPerSec" : 40.348901779156904,
    "sentKBytesPerSec" : 24.55957692172646
  },
  "CarregarLandingPage" : {
    "transaction" : "CarregarLandingPage",
    "sampleCount" : 45000,
    "errorCount" : 0,
    "errorPct" : 0.0,
    "meanResTime" : 43.09555555555566,
    "medianResTime" : 41.0,
    "minResTime" : 38.0,
    "maxResTime" : 3564.0,
    "pct1ResTime" : 43.0,
    "pct2ResTime" : 45.0,
    "pct3ResTime" : 55.0,
    "throughput" : 104.6037262171806,
    "receivedKBytesPerSec" : 123.70616450098211,
    "sentKBytesPerSec" : 15.424963533978778
  },
  "CarregarPaginaSeguirJogos" : {
    "transaction" : "CarregarPaginaSeguirJogos",
    "sampleCount" : 45000,
    "errorCount" : 0,
    "errorPct" : 0.0,
    "meanResTime" : 51.96315555555538,
    "medianResTime" : 41.0,
    "minResTime" : 38.0,
    "maxResTime" : 5473.0,
    "pct1ResTime" : 43.0,
    "pct2ResTime" : 45.0,
    "pct3ResTime" : 56.0,
    "throughput" : 104.76543020177822,
    "receivedKBytesPerSec" : 123.8973984124545,
    "sentKBytesPerSec" : 15.44880855514503
  },
  "GetPostsJogo" : {
    "transaction" : "GetPostsJogo",
    "sampleCount" : 45000,
    "errorCount" : 44901,
    "errorPct" : 99.78,
    "meanResTime" : 81.92028888888812,
    "medianResTime" : 35.0,
    "minResTime" : 32.0,
    "maxResTime" : 60097.0,
    "pct1ResTime" : 37.0,
    "pct2ResTime" : 39.0,
    "pct3ResTime" : 54.0,
    "throughput" : 118.17506191060188,
    "receivedKBytesPerSec" : 37.69184623668233,
    "sentKBytesPerSec" : 21.00377076926713
  },
  "GetGrupo" : {
    "transaction" : "GetGrupo",
    "sampleCount" : 45000,
    "errorCount" : 43434,
    "errorPct" : 96.52,
    "meanResTime" : 1355.483911111105,
    "medianResTime" : 35.0,
    "minResTime" : 32.0,
    "maxResTime" : 56360.0,
    "pct1ResTime" : 37.0,
    "pct2ResTime" : 38.0,
    "pct3ResTime" : 53.0,
    "throughput" : 104.56313522104648,
    "receivedKBytesPerSec" : 31.87496895781923,
    "sentKBytesPerSec" : 18.380238613074575
  },
  "AcederLandingPage" : {
    "transaction" : "AcederLandingPage",
    "sampleCount" : 45000,
    "errorCount" : 44098,
    "errorPct" : 97.99555,
    "meanResTime" : 6476.203933333325,
    "medianResTime" : 217.0,
    "minResTime" : 202.0,
    "maxResTime" : 224479.0,
    "pct1ResTime" : 230.0,
    "pct2ResTime" : 237.0,
    "pct3ResTime" : 255.0,
    "throughput" : 104.13749852471878,
    "receivedKBytesPerSec" : 311.4459016181232,
    "sentKBytesPerSec" : 109.32403409577411
  },
  "GetPerfil" : {
    "transaction" : "GetPerfil",
    "sampleCount" : 45000,
    "errorCount" : 43450,
    "errorPct" : 96.55556,
    "meanResTime" : 803.2109777777916,
    "medianResTime" : 35.0,
    "minResTime" : 32.0,
    "maxResTime" : 31326.0,
    "pct1ResTime" : 37.0,
    "pct2ResTime" : 38.0,
    "pct3ResTime" : 52.0,
    "throughput" : 104.55706143540581,
    "receivedKBytesPerSec" : 32.86683609025133,
    "sentKBytesPerSec" : 18.277064450134414
  },
  "GetJogosSeguidos" : {
    "transaction" : "GetJogosSeguidos",
    "sampleCount" : 45000,
    "errorCount" : 43444,
    "errorPct" : 96.54222,
    "meanResTime" : 1498.7406222222319,
    "medianResTime" : 35.0,
    "minResTime" : 32.0,
    "maxResTime" : 57071.0,
    "pct1ResTime" : 37.0,
    "pct2ResTime" : 38.0,
    "pct3ResTime" : 52.0,
    "throughput" : 104.50048766894245,
    "receivedKBytesPerSec" : 42.12959611650063,
    "sentKBytesPerSec" : 19.287687665459107
  },
  "GetPostsPopulares" : {
    "transaction" : "GetPostsPopulares",
    "sampleCount" : 45000,
    "errorCount" : 44082,
    "errorPct" : 97.96,
    "meanResTime" : 1699.0630444444384,
    "medianResTime" : 35.0,
    "minResTime" : 32.0,
    "maxResTime" : 61171.0,
    "pct1ResTime" : 37.0,
    "pct2ResTime" : 38.0,
    "pct3ResTime" : 53.0,
    "throughput" : 104.51456468522535,
    "receivedKBytesPerSec" : 43.97869682894101,
    "sentKBytesPerSec" : 18.677895837301016
  },
  "AcederFeed" : {
    "transaction" : "AcederFeed",
    "sampleCount" : 45000,
    "errorCount" : 44901,
    "errorPct" : 99.78,
    "meanResTime" : 125.22495555555629,
    "medianResTime" : 76.0,
    "minResTime" : 70.0,
    "maxResTime" : 60152.0,
    "pct1ResTime" : 80.0,
    "pct2ResTime" : 85.0,
    "pct3ResTime" : 100.0,
    "throughput" : 118.15861612628794,
    "receivedKBytesPerSec" : 177.42301114842954,
    "sentKBytesPerSec" : 38.42462809575574
  },
  "DislikePost" : {
    "transaction" : "DislikePost",
    "sampleCount" : 45000,
    "errorCount" : 44924,
    "errorPct" : 99.83111,
    "meanResTime" : 60.073977777777706,
    "medianResTime" : 35.0,
    "minResTime" : 32.0,
    "maxResTime" : 60161.0,
    "pct1ResTime" : 37.0,
    "pct2ResTime" : 38.0,
    "pct3ResTime" : 53.0,
    "throughput" : 154.31728319279028,
    "receivedKBytesPerSec" : 47.292969433175465,
    "sentKBytesPerSec" : 26.22188210502491
  },
  "SeguirJogos" : {
    "transaction" : "SeguirJogos",
    "sampleCount" : 45000,
    "errorCount" : 44867,
    "errorPct" : 99.704445,
    "meanResTime" : 196.7731333333338,
    "medianResTime" : 35.0,
    "minResTime" : 32.0,
    "maxResTime" : 61127.0,
    "pct1ResTime" : 37.0,
    "pct2ResTime" : 43.0,
    "pct3ResTime" : 92.0,
    "throughput" : 105.23632570876664,
    "receivedKBytesPerSec" : 32.25714909093354,
    "sentKBytesPerSec" : 24.15091459136735
  },
  "RealizarLogin" : {
    "transaction" : "RealizarLogin",
    "sampleCount" : 45000,
    "errorCount" : 43467,
    "errorPct" : 96.59333,
    "meanResTime" : 510.4480000000001,
    "medianResTime" : 35.0,
    "minResTime" : 32.0,
    "maxResTime" : 36212.0,
    "pct1ResTime" : 37.0,
    "pct2ResTime" : 38.0,
    "pct3ResTime" : 51.0,
    "throughput" : 104.37687008558903,
    "receivedKBytesPerSec" : 32.801375980707675,
    "sentKBytesPerSec" : 26.705800744555006
  },
  "CriarPublicacao" : {
    "transaction" : "CriarPublicacao",
    "sampleCount" : 45000,
    "errorCount" : 44891,
    "errorPct" : 99.757774,
    "meanResTime" : 108.71553333333522,
    "medianResTime" : 35.0,
    "minResTime" : 32.0,
    "maxResTime" : 60356.0,
    "pct1ResTime" : 37.0,
    "pct2ResTime" : 38.0,
    "pct3ResTime" : 57.0,
    "throughput" : 110.67170345885964,
    "receivedKBytesPerSec" : 33.9237279632656,
    "sentKBytesPerSec" : 41.82612230329949
  },
  "CarregarFeed" : {
    "transaction" : "CarregarFeed",
    "sampleCount" : 45000,
    "errorCount" : 0,
    "errorPct" : 0.0,
    "meanResTime" : 43.159355555555514,
    "medianResTime" : 41.0,
    "minResTime" : 38.0,
    "maxResTime" : 3620.0,
    "pct1ResTime" : 43.0,
    "pct2ResTime" : 44.0,
    "pct3ResTime" : 57.0,
    "throughput" : 118.37775129623637,